Equipo,Puntos,Peso,Valor_Mercado_Millones_Eur,Tipo_Equipo,Fecha,Resultado_1X2,avg_Goles_esperados_(xG)_total,avg_Posesión_total,avg_Remates_a_puerta_total,avg_Córneres_total,avg_Tarjetas_amarillas_total,avg_Faltas_total,avg_Paradas_total,avg_Pases_Pct_total,avg_Pases_Exitosos_total,avg_Goles_total,avg_Ptos_total,avg_xG_Share_total,avg_Remates_Puerta_Share_total,avg_Corneres_Share_total,avg_Paradas_Share_total,avg_Pases_Exitosos_Share_total,avg_Goles_Share_total,avg_Puntos_Share_total,avg_Valor_Mercado_Millones_Eur_Share_total,avg_Puntos_total,avg_Goles_esperados_(xG)_3,avg_Posesión_3,avg_Remates_a_puerta_3,avg_Córneres_3,avg_Tarjetas_amarillas_3,avg_Faltas_3,avg_Paradas_3,avg_Pases_Pct_3,avg_Pases_Exitosos_3,avg_Goles_3,avg_Ptos_3,avg_xG_Share_3,avg_Remates_Puerta_Share_3,avg_Corneres_Share_3,avg_Paradas_Share_3,avg_Pases_Exitosos_Share_3,avg_Goles_Share_3,avg_Puntos_Share_3,avg_Valor_Mercado_Millones_Eur_Share_3,avg_Puntos_3
Sudáfrica,1429.73,0.6,1.89,Visitante,2026-06-11,2,1.3057142857142858,0.5986206896551723,4.793103448275862,5.103448275862069,1.8928571428571428,10.666666666666666,1.5185185185185186,0.8671428571428572,454.7142857142857,1.5517241379310345,1.8275862068965518,0.5175426775111721,0.6821739563118874,0.667594665870528,0.35581554460864806,0.5837849460922746,0.6275862068965516,0.5348594331486,0.6727762693451997,1404.493448275862,1.4533333333333338,0.68,4.333333333333333,4.0,1.3333333333333333,10.333333333333334,1.0,0.89,498.6666666666667,0.6666666666666666,0.6666666666666666,0.7027706552706553,0.6666666666666666,0.7301587301587302,0.2888888888888889,0.7092079325073165,0.4444444444444445,0.5086361766223854,0.6968329608231771,1431.75
México,1681.03,0.75,7.38,Local,2026-06-11,2,1.4711764705882353,0.5855555555555555,5.416666666666667,5.694444444444445,2.212121212121212,14.166666666666666,1.8888888888888888,0.8477777777777777,423.19444444444446,1.3055555555555556,2.0833333333333335,0.6079231015986019,0.6737566219183866,0.6365451677951678,0.3172750474833808,0.6095147921865033,0.6879629629629629,0.5362934881443351,0.7022209223847029,1646.7727777777777,0.98,0.47000000000000003,4.0,4.0,1.3333333333333333,14.666666666666666,2.0,0.8466666666666667,392.6666666666667,1.0,1.6666666666666667,0.6335663575775138,0.5535353535353535,0.45,0.4444444444444444,0.45936610630345703,0.6666666666666666,0.5116337012745595,0.290009604954134,1677.51
República Checa,1501.38,1.0,7.24,Visitante,2026-06-12,2,1.77,0.5040476190476191,4.976190476190476,5.714285714285714,1.9,13.404761904761905,2.2142857142857144,0.7880952380952382,355.8809523809524,1.5238095238095237,1.5238095238095237,0.5658546961131241,0.5756179997251426,0.6076608246251103,0.4143729286586429,0.5078174503226502,0.5547619047619048,0.5164990640733516,0.5679653837906992,1485.6966666666667,2.323333333333333,0.5133333333333333,5.666666666666667,8.333333333333334,0.6666666666666666,18.0,2.3333333333333335,0.7433333333333333,372.6666666666667,3.0,1.6666666666666667,0.6692932390606808,0.6111111111111112,0.6531468531468532,0.4603174603174603,0.5159517227897455,0.6666666666666666,0.5436967936525552,0.6247599956858073,1486.2266666666667
Corea del Sur,1588.66,0.7,5.35,Local,2026-06-12,2,1.7833333333333334,0.6673170731707317,5.780487804878049,7.463414634146342,1.2894736842105263,11.512195121951219,1.4146341463414633,0.8097368421052632,512.4736842105264,1.951219512195122,1.975609756097561,0.570627362417619,0.7175588639003273,0.7181171251831223,0.26525710062295427,0.6591957053146827,0.6695121951219511,0.5395220675301453,0.8075463044719755,1536.6307317073172,1.4566666666666668,0.5666666666666667,4.0,9.0,0.5,9.666666666666666,1.3333333333333333,0.86,466.6666666666667,1.3333333333333333,1.0,0.5939526987472193,0.6222222222222222,0.6861111111111112,0.2222222222222222,0.5629477460934904,0.3333333333333333,0.5335447755950936,0.5130360252872118,1591.2766666666666
Canadá,1556.48,0.75,7.64,Local,2026-06-12,2,1.5100000000000002,0.5131428571428571,4.371428571428571,6.0,2.0588235294117645,14.558823529411764,2.4,0.8070588235294118,334.8529411764706,1.4857142857142858,1.6857142857142857,0.5424219426890808,0.5643054564483135,0.5889017285235773,0.43487528344671206,0.5176110932403343,0.6047619047619048,0.5023893792121125,0.6921027821336625,1454.6882857142857,1.4433333333333336,0.5733333333333334,6.0,9.666666666666666,2.0,14.0,1.6666666666666667,0.8166666666666665,362.0,1.0,1.6666666666666667,0.8027042982179404,0.6916666666666665,0.8315904139433551,0.24206349206349206,0.5894946447574024,0.6666666666666666,0.5353226036274309,0.790118220879538,1559.15
Bosnia-Herzegovina,1385.84,1.0,5.63,Visitante,2026-06-12,2,1.265925925925926,0.48738095238095236,4.166666666666667,4.809523809523809,2.425,13.047619047619047,1.8780487804878048,0.8064285714285714,361.7142857142857,1.1904761904761905,1.1666666666666667,0.4742204474239629,0.5240536249464821,0.5370720549291977,0.4496083281797567,0.49594207971880266,0.4631519274376417,0.49814970414381754,0.585286038201839,1372.7780952380951,1.5050000000000001,0.5633333333333334,6.666666666666667,5.0,2.3333333333333335,16.333333333333332,2.0,0.84,517.3333333333334,0.6666666666666666,1.0,0.5467834526839085,0.6924603174603176,0.5436507936507936,0.3333333333333333,0.5800656016146158,0.5,0.4727155079351147,0.5162789473167505,1370.1933333333334
Paraguay,1503.5,0.95,5.91,Visitante,2026-06-13,2,0.8677777777777779,0.41875,3.1666666666666665,3.9583333333333335,2.652173913043478,14.416666666666666,2.5652173913043477,0.6725,227.25,0.625,0.9583333333333334,0.49899213218037414,0.4295276482776483,0.4626734240704829,0.5064935064935064,0.3970802440946191,0.37986111111111115,0.4809006990972023,0.42570842013525584,1467.41375,0.665,0.4333333333333334,5.0,4.333333333333333,2.3333333333333335,11.333333333333334,2.5,0.8099999999999999,321.3333333333333,1.0,2.0,0.4407254884780514,0.587121212121212,0.5405982905982906,0.4166666666666667,0.4025432195896543,0.7777777777777777,0.48889752682491866,0.475523917445207,1496.5633333333335
Suiza,1649.4,1.0,12.79,Visitante,2026-06-13,2,1.5844827586206898,0.5659574468085107,4.574468085106383,5.51063829787234,2.0,11.340425531914894,2.3191489361702127,0.8634042553191489,480.29787234042556,1.6808510638297873,1.6170212765957446,0.5857420069773832,0.5878181511160234,0.5723626989460926,0.44927389395474504,0.5973772881554331,0.583080040526849,0.5267163642530774,0.5966615195881586,1632.8321276595746,0.7500000000000003,0.5166666666666667,2.3333333333333335,1.0,0.0,7.666666666666667,3.0,0.86,450.6666666666667,1.3333333333333333,0.6666666666666666,0.46016432385311107,0.3928571428571428,0.19444444444444445,0.7000000000000001,0.518678530095955,0.4761904761904762,0.5227589201667822,0.4404044070101574,1654.2333333333336
Catar,1454.96,0.7,0.766,Local,2026-06-13,2,1.528888888888889,0.5641935483870967,4.612903225806452,4.935483870967742,1.9333333333333333,11.03225806451613,2.3548387096774195,0.7616129032258064,357.0,1.7419354838709677,1.8709677419354838,0.56621097519849,0.5351746977458552,0.5433750836976644,0.5214797747055813,0.571259246537816,0.5818996415770609,0.5268219909229697,0.5390388626084603,1448.6764516129033,0.7533333333333334,0.5299999999999999,2.0,3.0,2.0,10.666666666666666,2.0,0.8333333333333334,365.6666666666667,0.6666666666666666,1.3333333333333333,0.4791471537896983,0.44841269841269843,0.44920634920634933,0.5833333333333334,0.5285637182432906,0.38888888888888884,0.5134063515487598,0.4105609437374624,1454.0866666666668
EE. UU.,1673.13,0.75,14.83,Local,2026-06-13,2,1.4123076923076923,0.5590909090909091,4.606060606060606,4.848484848484849,1.5357142857142858,12.303030303030303,2.3636363636363638,0.8345454545454545,395.1515151515151,1.4545454545454546,1.5757575757575757,0.5415543057830388,0.5650415637046654,0.5783667510940238,0.4624874283965193,0.5735541090518249,0.5556277056277056,0.5262925361665924,0.7957377562452517,1624.5015151515152,0.8833333333333332,0.43,3.6666666666666665,2.6666666666666665,1.3333333333333333,11.666666666666666,4.666666666666667,0.8266666666666667,332.0,1.0,0.0,0.39383647632424834,0.327020202020202,0.2333333333333333,0.625,0.4235144960775095,0.20634920634920637,0.4939089720071174,0.45270684254038457,1670.8566666666666
Haití,1291.71,0.75,2.15,Local,2026-06-14,2,1.1455555555555554,0.49,4.416666666666667,5.0,2.1818181818181817,14.333333333333334,3.8,0.7933333333333333,280.77777777777777,1.0833333333333333,1.3333333333333333,0.48254429517279834,0.5356589073694337,0.5335722148222148,0.5150793650793651,0.487028183313615,0.5277777777777778,0.4895077410967745,0.6607110525911918,1278.8775,1.65,0.48666666666666664,3.0,3.6666666666666665,3.0,20.0,3.0,0.85,336.0,1.0,1.3333333333333333,0.6016260162601627,0.5738095238095239,0.7095238095238096,0.5833333333333334,0.5086071987480438,0.5,0.497069922048005,0.5790116666370674,1285.7666666666667
Alemania,1730.37,1.0,36.42,Local,2026-06-14,2,2.3091304347826087,0.6504761904761904,6.833333333333333,6.285714285714286,1.8205128205128205,10.714285714285714,2.0952380952380953,0.8926190476190476,604.452380952381,2.619047619047619,2.0952380952380953,0.6164611983570057,0.67967858860716,0.6525318246956903,0.3187445491016919,0.6983681402521962,0.6905328798185941,0.5288436017069804,0.7918096386664097,1664.8088095238095,3.183333333333333,0.65,8.333333333333334,9.0,1.0,10.333333333333334,0.6666666666666666,0.9100000000000001,640.0,4.0,3.0,0.8554950337343618,0.8134920634920636,0.8065268065268066,0.1111111111111111,0.6672889386490645,0.746031746031746,0.5356338149503624,0.82745518461904,1720.5333333333335
Países Bajos,1757.87,1.0,29.01,Local,2026-06-14,2,1.830909090909091,0.5872727272727272,5.818181818181818,5.945454545454545,1.4528301886792452,11.781818181818181,2.109090909090909,0.8827272727272727,513.9454545454546,2.4545454545454546,2.0727272727272728,0.5708639769017422,0.6308628240446421,0.6260852753900883,0.40839105339105336,0.6209534107038194,0.7082683982683983,0.5435451085127011,0.7319138759922102,1708.9767272727272,1.7866666666666668,0.4833333333333334,4.666666666666667,5.0,0.0,9.0,1.3333333333333333,0.8099999999999999,353.0,2.3333333333333335,2.3333333333333335,0.5382939231375258,0.6177248677248678,0.5305555555555556,0.37222222222222223,0.47974453480946827,0.7222222222222222,0.5601168482419628,0.736381813099409,1757.5
Japón,1660.43,0.7,10.42,Visitante,2026-06-14,2,1.8960000000000001,0.61175,6.325,6.225,1.0909090909090908,12.894736842105264,1.5,0.7997368421052632,459.57894736842104,2.875,2.35,0.6018452437989991,0.7282205988455989,0.7322286741036741,0.30066468253968254,0.6170262303065431,0.7554166666666667,0.5457842063470675,0.852259494236297,1583.5994999999998,2.2333333333333334,0.5199999999999999,6.333333333333333,5.666666666666667,2.0,11.666666666666666,2.0,0.8633333333333333,457.6666666666667,2.6666666666666665,3.0,0.6999519454580949,0.6777777777777777,0.6035353535353535,0.36111111111111116,0.5308204079015715,1.0,0.5291552294664735,0.5682991877490932,1650.9599999999998
Escocia,1498.35,1.0,6.55,Visitante,2026-06-14,2,1.0896296296296295,0.48772727272727273,3.909090909090909,4.954545454545454,1.8095238095238095,11.090909090909092,2.8181818181818183,0.8272727272727273,386.3636363636364,1.5681818181818181,1.75,0.4685727462201566,0.49610648190193646,0.557421529747733,0.5578192640692641,0.48309759892031345,0.5992424242424242,0.5057956492828409,0.47849794790819455,1473.7920454545454,1.1900000000000002,0.4099999999999999,4.0,4.0,0.5,10.333333333333334,3.3333333333333335,0.8166666666666665,344.3333333333333,1.3333333333333333,1.0,0.35142159368985504,0.4988095238095238,0.34595959595959597,0.6388888888888888,0.38609151063110553,0.22222222222222224,0.4843173920138442,0.3080294386773438,1505.9133333333332
Curazao,1294.65,0.75,0.991,Visitante,2026-06-14,2,1.221111111111111,0.537,4.9,4.2,1.9,13.6,2.5,0.7733333333333333,301.22222222222223,1.5,1.5,0.5176660595200946,0.5613224275724276,0.49471528471528475,0.4525396825396825,0.5398102337718576,0.5933333333333334,0.509375361521892,0.7473325583398929,1281.066,1.7833333333333334,0.5233333333333333,7.0,4.666666666666667,2.0,14.0,2.3333333333333335,0.75,274.3333333333333,2.6666666666666665,1.6666666666666667,0.572903160617406,0.6378968253968254,0.5212121212121211,0.43703703703703695,0.5301221631348993,0.6666666666666666,0.5229855038005807,0.8732693230309163,1291.1533333333334
Marruecos,1755.87,0.6,17.22,Visitante,2026-06-14,2,1.63,0.5563157894736842,5.026315789473684,4.631578947368421,1.368421052631579,13.71875,1.6756756756756757,0.8772727272727273,427.27272727272725,2.4594594594594597,2.4473684210526314,0.5554303056293809,0.7207315345473241,0.6081452517211031,0.3698099415204678,0.526450181937676,0.8087719298245615,0.551344439461557,0.8059276940943164,1629.1057894736841,1.5499999999999998,0.5499999999999999,3.6666666666666665,4.333333333333333,2.0,13.333333333333334,4.333333333333333,0.8599999999999999,434.3333333333333,1.5,1.3333333333333333,0.6151141469318199,0.4424242424242424,0.49074074074074076,0.561111111111111,0.5620758678611423,0.5555555555555555,0.5225777815649054,0.5921557839934932,1728.7533333333333
Turquía,1599.04,1.0,18.22,Visitante,2026-06-14,2,1.6455172413793102,0.5619565217391305,5.891304347826087,5.586956521739131,2.7777777777777777,10.934782608695652,2.369565217391304,0.8482608695652175,431.30434782608694,2.217391304347826,2.0869565217391304,0.5528341879241158,0.6308191379558656,0.5819584702736876,0.4063966830271178,0.5965178310880659,0.6648550724637682,0.5241377684991815,0.746581631027505,1505.3084782608696,1.4366666666666665,0.5066666666666667,4.0,4.666666666666667,4.0,8.333333333333334,2.6666666666666665,0.84,376.0,1.3333333333333333,2.3333333333333335,0.5743464142697968,0.6791666666666667,0.4944444444444444,0.40404040404040414,0.531612873621655,0.8333333333333331,0.5071765607830798,0.6445183241765321,1578.5199999999998
Brasil,1761.16,0.95,35.7,Local,2026-06-14,2,1.8181818181818181,0.5689655172413793,6.0344827586206895,4.896551724137931,2.0714285714285716,12.724137931034482,2.413793103448276,0.8141379310344827,428.55172413793105,1.7241379310344827,2.1379310344827585,0.549620870169121,0.6861649365959711,0.5600612031646515,0.34326391998805794,0.5803770478631065,0.7206896551724138,0.5364533379478776,0.8003224941971654,1784.9879310344827,1.506666666666667,0.49666666666666665,4.666666666666667,3.6666666666666665,2.3333333333333335,11.0,4.0,0.8833333333333333,383.3333333333333,1.3333333333333333,1.0,0.4860445180793902,0.5007326007326007,0.5529100529100529,0.44444444444444436,0.4972031943785127,0.3611111111111111,0.5219506411851577,0.6885993742515368,1766.2033333333331
Australia,1580.67,0.7,2.98,Local,2026-06-14,2,1.8915384615384616,0.531219512195122,4.512195121951219,5.0,1.5,10.829268292682928,2.048780487804878,0.7556410256410256,379.7692307692308,1.951219512195122,2.073170731707317,0.5599105111559991,0.6165663604687995,0.6346403934818569,0.4717347692957449,0.5272770295622811,0.7162601626016261,0.5367188892502136,0.7018830077270248,1510.3209756097563,0.7966666666666667,0.37333333333333335,2.6666666666666665,3.0,0.5,7.0,2.3333333333333335,0.7733333333333334,267.6666666666667,1.6666666666666667,3.0,0.4097133697549131,0.5833333333333334,0.337037037037037,0.7222222222222223,0.34929732225872595,0.8888888888888888,0.5189744659691221,0.5742430930445529,1551.0833333333333
Ecuador,1594.78,0.95,14.18,Visitante,2026-06-15,2,1.229090909090909,0.5171428571428571,3.4642857142857144,4.357142857142857,1.9230769230769231,14.214285714285714,2.3214285714285716,0.7567857142857143,306.67857142857144,1.0,1.3214285714285714,0.516087094846483,0.5671343537414966,0.5383754142682714,0.43822278911564627,0.5178354804724787,0.5535714285714286,0.4815231471301043,0.6355457313388256,1478.142142857143,1.2533333333333336,0.5366666666666666,3.0,4.333333333333333,2.0,15.333333333333334,1.0,0.87,418.0,1.0,1.6666666666666667,0.6640597910546977,0.7166666666666667,0.45555555555555555,0.3333333333333333,0.5450701546991307,0.6666666666666666,0.4693807237828988,0.3644495102676984,1584.7133333333334
Cabo Verde,1366.13,0.6,2.1,Visitante,2026-06-15,2,,0.5438888888888889,3.111111111111111,5.888888888888889,1.3529411764705883,13.8,3.0625,0.8333333333333334,418.5,1.1666666666666667,1.5555555555555556,0.5,0.4865800865800865,0.5490515657182323,0.6236772486772487,0.5332636168364294,0.5666666666666667,0.5272420081295206,0.6303411069954851,1350.26,,0.5533333333333333,5.0,4.666666666666667,1.6666666666666667,12.0,2.0,,,2.3333333333333335,2.3333333333333335,0.5,0.7222222222222222,0.5172558922558923,0.4666666666666666,0.5,0.8333333333333334,0.5295263330979433,0.6596341434401715,1356.7
Egipto,1563.24,0.6,4.48,Visitante,2026-06-15,2,0.944,0.5302941176470588,4.852941176470588,4.235294117647059,1.9090909090909092,12.357142857142858,2.1875,0.8325,415.875,1.6176470588235294,2.235294117647059,0.5049533277842744,0.6511340783399606,0.48758313485822136,0.41929059502588917,0.5214790007047202,0.7529411764705882,0.5443019014745403,0.6886357021048813,1503.594705882353,0.8300000000000001,0.44,4.333333333333333,2.0,2.0,11.666666666666666,2.3333333333333335,0.8566666666666666,364.3333333333333,1.6666666666666667,2.3333333333333335,0.4990981926694926,0.6476190476190476,0.21818181818181817,0.36904761904761907,0.43959314387350784,0.8333333333333334,0.4935777148899372,0.40246449412646074,1558.8866666666665
Bélgica,1734.71,1.0,21.06,Local,2026-06-15,2,1.8663333333333334,0.608936170212766,5.9787234042553195,7.0212765957446805,1.565217391304348,9.76595744680851,2.3191489361702127,0.8763829787234042,517.5106382978723,2.25531914893617,1.851063829787234,0.5861125866697124,0.6424200330332996,0.673863440133778,0.36508397040311935,0.6419360766378445,0.6132725430597771,0.5532781199482257,0.7488460619200787,1778.793829787234,1.8999999999999997,0.6033333333333334,8.333333333333334,7.666666666666667,1.0,13.0,2.0,0.8766666666666666,503.6666666666667,4.333333333333333,2.3333333333333335,0.6228126408312346,0.665079365079365,0.6333333333333333,0.40277777777777773,0.6202826632593182,0.738095238095238,0.5665752476537521,0.7753554206789306,1733.8100000000002
España,1876.4,1.0,47.03,Local,2026-06-15,2,2.253823529411765,0.6541509433962265,6.169811320754717,6.056603773584905,1.6938775510204083,11.584905660377359,1.849056603773585,0.9030188679245283,651.433962264151,2.2830188679245285,2.2830188679245285,0.6499824438512687,0.6889820701557661,0.6777696098450815,0.34140801546461924,0.6985232177777051,0.7493186582809225,0.5370067495339511,0.7724931659640673,1752.3954716981134,2.1400000000000006,0.6833333333333332,7.666666666666667,7.333333333333333,0.5,9.333333333333334,2.6666666666666665,0.92,681.0,1.6666666666666667,1.6666666666666667,0.8536941815154505,0.7398809523809523,0.8333333333333334,0.29437229437229434,0.7068922911057803,0.6666666666666666,0.5488210245108215,0.8307203985627494,1878.3733333333332
Suecia,1514.77,1.0,15.62,Local,2026-06-15,2,1.9013636363636364,0.5181578947368422,5.2894736842105265,6.2894736842105265,2.0789473684210527,12.5,2.9473684210526314,0.9136842105263158,382.63157894736844,1.631578947368421,1.4210526315789473,0.5466821903562065,0.5398398256370393,0.6056145845039034,0.4641026371289529,0.5303663016237097,0.5039473684210526,0.5257956733232997,0.6945056772636731,1546.7515789473684,1.5566666666666666,0.41999999999999993,3.6666666666666665,3.6666666666666665,1.6666666666666667,10.333333333333334,3.3333333333333335,0.79,314.3333333333333,2.3333333333333335,2.3333333333333335,0.5026255464585782,0.4388888888888889,0.2977855477855478,0.7103174603174605,0.40849242683428794,0.6166666666666667,0.49558815326276084,0.6813724159045832,1490.4166666666667
Costa de Marfil,1532.98,0.6,20.08,Local,2026-06-15,2,1.7914285714285714,0.5848148148148149,5.592592592592593,6.2592592592592595,1.1666666666666667,13.636363636363637,1.8,0.9025,493.25,2.185185185185185,2.3703703703703702,0.5556847381670247,0.6621933621933622,0.6442066164288386,0.4146384479717813,0.5572205918242046,0.782716049382716,0.5492855234071177,0.9142056801367567,1464.877037037037,2.1333333333333333,0.5733333333333333,5.0,5.666666666666667,0.0,10.333333333333334,1.3333333333333333,0.9,493.3333333333333,2.3333333333333335,2.0,0.6788631921737723,0.5761904761904763,0.511111111111111,0.2777777777777778,0.5892494231404979,0.7999999999999999,0.4950339173744158,0.7870816459676903,1511.5166666666664
Túnez,1483.05,0.6,2.69,Visitante,2026-06-15,2,0.9800000000000001,0.549375,4.28125,5.375,1.78125,15.208333333333334,1.8620689655172413,0.8335714285714285,413.2142857142857,1.46875,2.03125,0.5045036480366922,0.6261093073593074,0.574607683982684,0.4296502976190476,0.5317664517806472,0.6927083333333334,0.5460014387228347,0.6982722036181997,1492.954375,0.7000000000000001,0.5433333333333333,3.0,5.0,3.3333333333333335,21.5,3.0,0.845,417.5,0.6666666666666666,1.6666666666666667,0.41300456344704123,0.5499999999999999,0.37777777777777777,0.4523809523809524,0.5708001335004894,0.6666666666666666,0.5090721374011488,0.39997640818908203,1485.07
Uruguay,1673.07,0.95,13.82,Visitante,2026-06-16,2,1.2023076923076923,0.5073333333333333,4.233333333333333,4.733333333333333,1.6896551724137931,12.733333333333333,2.8,0.7376666666666666,307.56666666666666,1.1333333333333333,1.5333333333333334,0.5158988442389209,0.5353683816183816,0.5415371665371665,0.48056536056536053,0.49910332413138747,0.5472222222222223,0.5179393066766086,0.644732121911872,1648.3280000000002,0.8266666666666665,0.5166666666666667,1.6666666666666667,3.0,2.0,14.0,2.3333333333333335,0.8666666666666667,391.0,0.3333333333333333,1.0,0.4041744049359668,0.5555555555555556,0.2727272727272727,0.5333333333333333,0.5243246766485389,0.5,0.5103525547970028,0.5434699347050537,1672.0
Nueva Zelanda,1281.57,0.7,1.32,Visitante,2026-06-16,2,,0.67,4.0,6.0,1.0,14.0,2.0,0.83,488.0,0.0,0.0,0.5,0.5714285714285714,0.8571428571428572,0.33333333333333337,0.7011494252873562,0.0,0.4451822705192754,0.49624060150375937,1206.07,,0.67,4.0,6.0,1.0,14.0,2.0,0.83,488.0,0.0,0.0,0.5,0.5714285714285714,0.8571428571428572,0.33333333333333337,0.7011494252873562,0.0,0.4451822705192754,0.49624060150375937,1206.07
Senegal,1688.99,0.6,18.39,Visitante,2026-06-16,2,1.86375,0.5855555555555556,6.277777777777778,6.138888888888889,1.5454545454545454,13.851851851851851,1.9393939393939394,0.8494444444444444,433.0,1.8611111111111112,2.3333333333333335,0.5477763221297379,0.6972730972730973,0.6427183927183927,0.328913139329806,0.559277509944423,0.7657407407407407,0.559626912446216,0.8650378279348451,1618.9491666666665,1.7999999999999998,0.5733333333333334,7.333333333333333,7.0,2.3333333333333335,17.0,3.0,0.8600000000000001,488.0,1.6666666666666667,2.0,0.5851256072994432,0.6928904428904429,0.5094535094535094,0.41111111111111115,0.5436382667333594,0.75,0.5414726252944494,0.7648484833503115,1687.243333333333
Francia,1877.32,1.0,58.58,Local,2026-06-16,2,2.059375,0.5720754716981132,6.037735849056604,6.132075471698113,1.52,10.20754716981132,2.0943396226415096,0.8913207547169811,540.566037735849,2.1132075471698113,2.0943396226415096,0.6169747337138428,0.6729408370640335,0.631319571413911,0.34094427584993625,0.5952882663487513,0.6973794549266247,0.5459098988206683,0.8261901598896353,1816.5916981132075,1.7633333333333334,0.61,4.0,5.0,2.0,12.666666666666666,2.3333333333333335,0.8733333333333334,461.6666666666667,2.6666666666666665,3.0,0.6205180129679921,0.5761904761904763,0.5105820105820106,0.47222222222222227,0.6326326162215007,0.7222222222222223,0.5528611867978557,0.8140574597890988,1867.57
Irán,1615.3,0.7,1.23,Local,2026-06-16,2,2.002,0.5518421052631579,5.578947368421052,4.7105263157894735,1.8888888888888888,11.75,2.054054054054054,0.7962068965517242,368.86206896551727,2.1052631578947367,2.289473684210526,0.5507099352038104,0.6406779623884887,0.5964852399062925,0.4003787878787879,0.5442343500775909,0.7399122807017544,0.543709767762014,0.5778670344195371,1570.151052631579,2.32,0.5766666666666667,6.0,2.6666666666666665,2.3333333333333335,13.5,1.5,0.8599999999999999,420.0,2.6666666666666665,2.0,0.59435877379223,0.7222222222222223,0.4166666666666667,0.35555555555555557,0.5761702670187674,0.6666666666666666,0.5469092524071103,0.6446164740179953,1630.6000000000001
Arabia Saudí,1421.43,0.7,1.56,Local,2026-06-16,2,1.371,0.5873333333333334,3.977777777777778,4.355555555555555,1.8571428571428572,10.022222222222222,2.3555555555555556,0.755,388.54545454545456,1.3111111111111111,1.7777777777777777,0.5218350660768711,0.5513235529902196,0.5019785153118487,0.473694885361552,0.5863758465414791,0.6174074074074074,0.5145003309577959,0.5677454571227116,1410.0857777777778,0.84,0.5466666666666667,1.6666666666666667,1.6666666666666667,2.6666666666666665,11.0,4.333333333333333,0.8366666666666668,406.3333333333333,0.3333333333333333,0.3333333333333333,0.4514762159318468,0.29696969696969705,0.29696969696969694,0.7333333333333334,0.5520070499260893,0.2777777777777778,0.48844476051996977,0.36083407506914983,1426.5366666666666
Noruega,1550.94,1.0,22.69,Visitante,2026-06-17,2,2.1245833333333333,0.544,5.475,5.55,1.394736842105263,9.95,1.95,0.85,448.15,2.225,1.925,0.6114532423517545,0.612957597957598,0.6385827367077368,0.39562375124875127,0.555816870187044,0.6333333333333333,0.518915031479987,0.7684026802569518,1477.0575000000001,0.9766666666666661,0.46333333333333343,2.6666666666666665,2.6666666666666665,1.5,7.333333333333333,2.3333333333333335,0.8466666666666667,369.3333333333333,1.6666666666666667,1.3333333333333333,0.4147933023107823,0.44708994708994715,0.3722222222222222,0.6666666666666666,0.4566837206328473,0.5444444444444444,0.4750041619921639,0.5663389984535824,1546.14
Portugal,1763.83,1.0,38.67,Local,2026-06-17,2,2.503636363636364,0.6066666666666666,6.351851851851852,6.796296296296297,1.8653846153846154,10.462962962962964,2.0925925925925926,0.8837037037037037,546.6296296296297,2.3703703703703702,2.185185185185185,0.6356050400660096,0.682768245431644,0.6620307435623913,0.362622254288921,0.6403239281792961,0.6896384479717812,0.5421934884205555,0.8164532983058682,1716.049074074074,2.606666666666667,0.6833333333333332,7.333333333333333,6.333333333333333,0.6666666666666666,7.333333333333333,1.6666666666666667,0.8966666666666666,567.6666666666666,3.6666666666666665,2.3333333333333335,0.7101458452637917,0.7246732026143792,0.8916666666666666,0.3253968253968254,0.705418438422301,0.8000000000000002,0.539940439888639,0.8412553733109721,1766.2533333333333
RD Congo,1478.35,0.6,5.53,Visitante,2026-06-17,2,1.6159999999999997,0.502,3.36,4.96,1.2608695652173914,15.136363636363637,2.142857142857143,0.8009090909090909,331.72727272727275,1.24,1.92,0.5213803145182455,0.5834627594627595,0.5703675213675213,0.5076666666666667,0.47875276797077826,0.7093333333333334,0.5254312231196168,0.7066990094244742,1410.32,1.88,0.48333333333333334,3.6666666666666665,4.666666666666667,1.0,18.666666666666668,2.3333333333333335,0.84,403.0,1.0,1.6666666666666667,0.6536788881616468,0.6190476190476191,0.6722222222222222,0.4325396825396825,0.4823036385605562,0.6666666666666666,0.5256732155196654,0.758105445097458,1451.0733333333335
Argelia,1564.26,0.6,9.88,Visitante,2026-06-17,2,1.23,0.5570967741935484,6.193548387096774,5.806451612903226,1.793103448275862,15.523809523809524,2.5,0.8450000000000001,408.5,2.5806451612903225,2.3225806451612905,0.5157078917968565,0.6231697066374485,0.5716419333354817,0.46933971046874273,0.5243224896363292,0.7427035330261137,0.5530812953037515,0.8640992386852607,1498.7009677419355,0.29000000000000004,0.48333333333333334,3.0,5.0,4.5,17.5,2.0,0.7949999999999999,258.0,2.3333333333333335,1.3333333333333333,0.28397819945097885,0.25,0.4848484848484848,0.8333333333333334,0.4349208099070297,0.5,0.5137237481850268,0.6509743935622703,1546.0633333333335
Inglaterra,1825.97,1.0,52.24,Local,2026-06-17,2,1.8922580645161289,0.6440384615384616,5.788461538461538,5.615384615384615,1.3877551020408163,9.192307692307692,1.3846153846153846,0.8969230769230769,581.9807692307693,2.3846153846153846,2.0961538461538463,0.6431645752895048,0.7386974136974137,0.7242607819530897,0.2769459706959707,0.6755212165851391,0.7259615384615384,0.5563873716907305,0.8657748141625276,1765.76,1.5366666666666668,0.6466666666666666,5.333333333333333,7.666666666666667,1.0,8.0,1.3333333333333333,0.9033333333333333,568.0,1.0,1.3333333333333333,0.6630960754903216,0.7333333333333334,0.8055555555555555,0.2083333333333333,0.6687248368393593,0.49999999999999994,0.5383312928227174,0.8543524916138319,1830.8466666666664
Austria,1593.45,1.0,9.43,Local,2026-06-17,2,1.9839999999999998,0.578936170212766,5.574468085106383,4.638297872340425,1.7333333333333334,12.23404255319149,1.9148936170212767,0.8425531914893617,438.72340425531917,1.9787234042553192,1.7446808510638299,0.6015851788562813,0.6076722661985491,0.5441523015991101,0.3597433299560959,0.6090289290366384,0.5862208713272543,0.5283806755801915,0.6140518227427831,1549.0548936170212,1.38,0.6166666666666667,3.6666666666666665,4.333333333333333,1.0,12.0,0.6666666666666666,0.8566666666666666,455.6666666666667,2.3333333333333335,2.3333333333333335,0.6102902415820584,0.6527777777777777,0.5638888888888888,0.3333333333333334,0.6436657661142337,0.7777777777777777,0.5265545103318323,0.5918582207219556,1586.0
Argentina,1874.81,0.95,31.06,Local,2026-06-17,2,1.5784615384615384,0.6003030303030302,5.696969696969697,4.7272727272727275,1.6875,12.393939393939394,2.3636363636363638,0.8260606060606062,498.8181818181818,1.696969696969697,2.212121212121212,0.5627858518943974,0.6402472107017562,0.5940596440596441,0.4135637931092477,0.6218298097213336,0.76010101010101,0.5365895889230462,0.7945172868456402,1774.180303030303,0.9033333333333333,0.6566666666666666,3.0,6.0,1.3333333333333333,11.333333333333334,2.3333333333333335,0.9166666666666666,654.6666666666666,2.3333333333333335,2.0,0.4925871144162775,0.4444444444444445,0.6888888888888888,0.7000000000000001,0.6753307223908682,0.5555555555555555,0.5864373117278142,0.8785606578693095,1877.3400000000001
Irak,1447.14,0.7,0.815,Local,2026-06-17,2,1.1264285714285713,0.5039473684210526,3.3421052631578947,4.657894736842105,1.4736842105263157,12.142857142857142,2.4594594594594597,0.7573333333333333,278.23333333333335,1.3157894736842106,1.7894736842105263,0.48013027254452,0.5201738320159373,0.5632564803617435,0.5279420141262247,0.4781835526634905,0.6201754385964913,0.5204551162533946,0.551176907406103,1390.2436842105265,1.0950000000000002,0.49333333333333335,2.6666666666666665,3.0,1.3333333333333333,14.0,4.0,0.7750000000000001,223.0,1.6666666666666667,3.0,0.5442751891676623,0.388888888888889,0.42751322751322746,0.7777777777777778,0.4323890395318966,0.7777777777777778,0.5442592321817546,0.602584315813444,1437.5900000000001
Croacia,1717.07,1.0,14.9,Visitante,2026-06-17,2,1.996,0.5811111111111111,5.814814814814815,5.518518518518518,1.6603773584905661,10.833333333333334,2.6666666666666665,0.8764814814814814,518.1296296296297,1.7222222222222223,1.8888888888888888,0.5631733702143419,0.6111702884987198,0.572308555641889,0.4068094970872749,0.6120611215330508,0.6424382716049384,0.5363492803707621,0.628929725693262,1677.981111111111,1.6266666666666667,0.5333333333333333,4.333333333333333,3.0,2.3333333333333335,15.666666666666666,3.6666666666666665,0.8966666666666666,442.0,2.0,2.0,0.4700829349811184,0.41944444444444445,0.425,0.6317460317460318,0.5440854056662362,0.5055555555555555,0.5215136486625829,0.5711339993812915,1714.6366666666665
Jordania,1391.45,0.7,0.781,Visitante,2026-06-17,2,1.1741666666666666,0.45,4.321428571428571,5.928571428571429,1.7857142857142858,11.68,2.4615384615384617,0.7224999999999999,265.35,1.7857142857142858,1.7142857142857142,0.5068134849431853,0.5516867061509919,0.5965368460904176,0.47144274376417233,0.4396440899706347,0.5898809523809524,0.5091389775763157,0.5293610168153452,1327.9796428571428,0.61,0.43333333333333335,2.3333333333333335,6.666666666666667,2.0,13.0,3.0,0.78,228.0,1.3333333333333333,0.6666666666666666,0.5165165165165165,0.3333333333333333,0.6497354497354498,0.6666666666666666,0.4623655913978495,0.3333333333333333,0.4833512040912185,0.31737050666111033,1389.0033333333333
Uzbekistán,1465.34,0.7,3.27,Local,2026-06-18,2,1.4322222222222223,0.532962962962963,5.555555555555555,6.037037037037037,1.7826086956521738,12.384615384615385,2.0,0.74125,371.1875,1.8148148148148149,2.185185185185185,0.5464487943181863,0.6568606109455783,0.6696645946645946,0.3434156378600823,0.5070979944928344,0.7469135802469137,0.5221670003891755,0.8573973971344486,1364.0981481481483,1.2433333333333332,0.4633333333333334,4.0,4.666666666666667,1.5,11.666666666666666,4.0,0.8033333333333333,318.0,1.6666666666666667,1.6666666666666667,0.5058483783674623,0.4444444444444445,0.6372294372294373,0.5833333333333334,0.4469990136592504,0.6666666666666666,0.4906263893911542,0.7555951692702189,1432.9899999999998
Ghana,1346.31,0.6,9.01,Local,2026-06-18,2,0.3766666666666667,0.5026666666666667,3.533333333333333,4.533333333333333,1.7,13.090909090909092,2.5714285714285716,0.8175,313.5,1.3666666666666667,1.5333333333333334,0.4636325382588089,0.493502886002886,0.5562583331700979,0.5845995670995671,0.4874122074117153,0.5440476190476191,0.5183742930455251,0.7832235669887531,1373.0536666666667,0.3766666666666667,0.37000000000000005,1.6666666666666667,3.3333333333333335,2.0,8.333333333333334,4.0,0.8333333333333334,281.6666666666667,0.6666666666666666,0.0,0.13632538258808938,0.18019480519480527,0.3108974358974359,0.888888888888889,0.3547990075138636,0.16666666666666674,0.4480494034966642,0.41222141754700564,1349.4966666666667
Panamá,1540.64,0.75,1.33,Visitante,2026-06-18,2,1.4257894736842105,0.5486111111111112,4.305555555555555,4.805555555555555,1.6470588235294117,13.916666666666666,2.2222222222222223,0.8225714285714285,369.14285714285717,1.5,1.75,0.49424577596778047,0.5496265308765308,0.5273042543875878,0.4611000881834215,0.55867178583211,0.5698412698412699,0.5053954667046039,0.4823739228296493,1441.4591666666665,0.43,0.36333333333333334,2.6666666666666665,1.0,2.3333333333333335,13.0,2.6666666666666665,0.7933333333333333,245.33333333333334,1.0,1.3333333333333333,0.30951269604182224,0.41666666666666674,0.25555555555555554,0.6277777777777779,0.33890808335571004,0.3888888888888889,0.5049031283099416,0.3262616682473918,1539.47
Colombia,1693.09,0.95,11.63,Visitante,2026-06-18,2,1.4746153846153847,0.5318518518518518,4.62962962962963,5.074074074074074,1.9259259259259258,14.185185185185185,2.6666666666666665,0.7825925925925925,346.22222222222223,1.4444444444444444,1.5185185185185186,0.5553137323148319,0.5704732328915335,0.5173750239109717,0.46221905666350116,0.5437074019286383,0.5740740740740741,0.5099713773859984,0.5842438843742633,1638.0281481481481,1.7999999999999998,0.5566666666666666,6.333333333333333,5.666666666666667,0.3333333333333333,12.0,2.6666666666666665,0.86,430.0,2.6666666666666665,1.0,0.5813319132660327,0.551470588235294,0.5476190476190476,0.38611111111111107,0.5582719884923036,0.4166666666666667,0.5020565084425024,0.46759377012631104,1694.0199999999998
